owner,balance
22bV6DDJxvhRSKWTF2LBSExTiBx7Sawvi4a8bUFW22tA,3349529508448
24BLFjSAcUPPWs8F7nhwthfRPvh5mopNYfu5WXTkLChr,1870499532595
2Eg5WkWdnVYcoMYAH5UVmSQSWeE9pH2qDpXfRquxeF2C,583741861000
2JT2cPvV45VFV1LJJ4qBvvpYyEuGE1Ey46ku7WTL1Jvg,1545206599243
2WfeaMXh31wc2kzXDQGuKAYCBrCs8J6vBCwdLjMs8Uzr,2832250223849
2Y8k6Zc8yM9sFGbtB9zXHs7RkGPW7QWXy35ReGmMS3gi,5000067357440
2kN6XgaBRikJ2SYAVvUrvSj2My7yKEHDA2vd8o4LB4xp,600004550959
2qFWtmCJnCEdBvvforrTCrhRkFj6hFBWoivMmSRTWJjE,12098800907017
2w8MAdjrW1t5wzSy2ahsGmx83tRnxL3Rio9h6eSf8oi9,658770100000
38ESLHdJkqNvMbJmbgsHJGXjJPpsL4TkvSUgXegYgvpr,10001172029332
3QLTMUsSeywkHp1vTNsfSPgAW8jm1x4zSqRFTR96EBkd,1524191903507
44P5Ct5JkPz76Rs2K6juC65zXMpFRDrHatxcASJ4Dyra,4615814542407
49f6AWD2o3kpnZbLhjka85yDbcnXCrZ2AkFNUTWJatoJ,806861943985
4GQeEya6ZTwvXre4Br6ZfDyfe2WQMkcDz2QbkJZazVqS,1148845038144
4JB1Xs1a15szk61yTcLyLptA3FVU6YVFxv6teNBtPaQs,855994792985
4U5KGSLEzBpT6z7dsDY7Wp1GqvMCSHk1h2UR3u5VhFQ2,7033874432002
4ZrobGEDm47U9FNzDx2tLhioRv8vzoGnz8pBRXsEKxr4,678042470000
4fVBLqB9PoEyhG72dbr7cTLs2ggdMw3b6aGfELXSvFTX,5897290673608
4hvruD7YDRZL2xh5aCUrN2DoxZKCjGv9jofDXMvwGagC,586344311902
4wfL88cWENcYnvRYy8v3oYbJccQcZEzPA7fcQvoZoEB3,716429357340
51j9pR4HSEhaq9dun8LGFhNF3grVeaFRfME8MvFJYRQm,630982704851
57bLoghjgoLtiUQpLiL78fP4VeVUqFc3sYzKoUhvvZZ2,691666398991
5F9C7nNantk4gvHQg9T9M5zPdVKqzxfgdUMjkQWE1nLH,1507894342233
5U1e8CsFC8eyQLwS5AYmADCpuSRoZL5D6FJKuuFH6XvL,638266062031
5Z44heGLtP1r8e9sZULLnfqa6jGon7vZcfwYxvQrpCff,505326003285
5qi3Bfa8EaydQDZQ7u6qjauqefuDJNFcFH75YBr7zHuJ,1275693396109
5wTLevkkUWzKgRTWKcSjrgdoP8TnrEnXYGaAxFKibsS5,4434222048264
654iWmri2bNsLJJqNxAGWTjRKFH2ggJUJoVwabjzNn1K,510000308491
69CDDjW9pFEdbqcbfZTr9oSRo1kuRU8PEWCZYW11duJp,503904253336
6DXYmRSkyjgmi2E11c1JfDqGmRfmRNikpw1YUoeEporp,1240298718844
6KmixQCTuG7gNvXcPorntCMFTfJCH8s93KiaP197cutR,526798355239
6N3HNQXq6hj5VyzHRAAsFGT6NBcsVEZPimMqnusZuRr2,1094291234061
6Nw3UBkpHQXUdam8RftAUepmzifdwKMwL68e9p2QjqDi,553087833483
6SDKTuavnDi75hJwZiZxNEpYjY4edAL7PkZh4SvErr3V,12303345856410
6Sk8cKr4RSCg6VMcuSXbswVqkaHVBt7fpXoXbvygq4Ss,590000000000
6WprovCGXF7BBMUQ9PtgDwRnwzBfwJZjQCfdrZCvkTja,1082650495984
6g7NphUCPN8965YrbZDTQyaMoEnKe817Q8DmKE7516rX,987537560109
6kFvf2qdoX7wsJKzhxwKVbw24qxPp1FxNjGJ4RufnGb5,5000067357440
6z823m5cVMo24TFr8fkhNtKPiZet9iCoP43RhY9272AW,3997575538260
77v5PKZU6s5kMg8TXq2nknmTC7i8tnhbHnqLtS3nDRzE,2511542667332
7B7hpcosqSbkqWCFg84Kdc6FL4E3HkrKYAg9fFBAj7oJ,600000615124
7QAFvj11sS5kgNh7otR3EGEZbGRHR3nMwNz31rTcDm8P,7523516675410
7iBFUna6yLia5EtnR2VapvnSEPBApYh1SxRfbAvN5LpH,615445237615
7k6fHANgwdHjUrPXsrExcTGtXNNzSq7hNipjj9JbzhwM,1512960176894
7p6LQRCo24aMkNHmiDahBXMFqkW3MFbny629qdR2J1A5,2127243991168
7yMSDwTMS9MFTDS7PN3vnhB68ghpXsdxv64nTNb4FeDz,5993550951442
8AByvcbajbjmuD1xez4ahgzoUp7ovB5wJE6znQKST8Hz,2087311810273
8BD1qaT6a4WCa4Kz1nURKfPmZd2ohxHYoXuPNijRABXv,5497818954479
8Hkbb3fkyBZi92dtGEXWuZyErRhUHSnHwTQJjxr32upg,929025402285
8MPekTtxX6cCMXXJu2f8ZVJPtAkLCxgkUnn35uPGmjV3,15309688930994
8NBEbxLknGv5aRYefFrW2qFXoDZyi9fSHJNiJRvEcMBE,1277000000000
8TSfBNY3NGBu2PnWs5Wu4yDT5wgVFGjx1Pdga6fjkYqo,6084784087831
8rMiwHGEmtJNWvjniLrTU5a94ujNaqZBfsSf5CXrKgF4,800000000000
98zoZTYqK4hDB5MZvv2sYhRbKf3ZbUxJp3ZDfL8pibcF,929034672497
9DyiP4usme2Hg8jigwcLeUKF1Y6DBNQXMUWCe6NdBYwh,10087021683325
9NRVvH2nz5HhFspDRX7CF7KAdUcCZCJgxYaiKCirRR1d,1530001642615
9nj4oySaZLZDj9VM11ex8Yq9PMkBaRAF25pjFDZ5YZm4,9629763252318
9oCW6Td21emfx7ED2p1xX4ZmZ2ufFmbAEfMRALBhu6ys,1252574164435
9omHFqveuhLn75DEqQsvwbvhWGYmW4BiBW5afw4ordAH,535218796844
9yXbXUzbPSVa4XKbkqpZbpD5f8HFfMQwmeF1dst4VYnp,1182187764665
AA21BSr7LZAdkyv7UF4EuMDnNEeczjmaDQWBa1rcVxH9,5374540753380
ABGmmHMRrA8yj6zZyuy4YDW341B4iCEkHczDeQtJ3hWY,813199987572
AGiAVqZiQrz32m1zKC5T4UfQKcDoGNG34sqSHSVNgwtv,3955553522978
AGwxVWZgwA3P2681PPaNhi7dUDDDAbMiJeBAKxiCutkd,579904739401
AZJtbjhgEdhMx1T3CLbSHquwKs5k26UCDHXnMqRxo6dd,712132716167
AdfkNiA7gg3RJ4fyLZA4o5LCAG1TweLnALzCH1cpapmW,600000000000
AhxzRPdizP8Dg52aJHrczQphEcsPv36QocHujrcPtarU,1089640915116
Au1GUWfcadx7jMzhsg6gHGUgViYJrnPfL1vbdqnvLK4i,978210597619
B1BKCShnRNw63fVkPmxH44jtBjYhL6zUQcPeSUfJ3cNZ,7076628877621
B8pF2FLxDq8Z5pGzWLTHq4DHf4gT156GmEXx4egnKyVd,3300028388419
BGApG7c57PPdDfBdeHQFQ9D2PD6TZTDze6gxCFydAe48,1200006085833
Bb7H8QK6CQsmkfrcA5vULesS1RmegWosgkrrYyd1UEpv,26072961634341
BgePMzgz3ahSvgqCioRVUUNB5aEKAHfn9VctZiwA9Vhe,500069809295
Bm5mwGjU5MAXZqtA5xUsedziAaWTS8w9eqDWTxGMYMYQ,12303345856410
Bq2RWav5LtfnAs8refzrYjfroDGK9vjYULmTqJX7yXfJ,2167683081567
BxLRTSYSTsypnx4yWvaQoURCPv4a7VzcDsSUM4eBVMSa,4350431811088
C1BRMDfsbW25FtFcUta81vuhgtZDSPmn1NENNf4akg9R,1545795475979
C1j61Hg8CQDEudPw4UJTAV7yRUQ33d8AgC3dqRtQu92N,1000001650522
C1roCAftE7vYubc3MeNNbryAyQNU4E9nihEwrJV2C483,990431708545
C7nWs22x7fCKVGxc1wU3yyG7zwa5sED3XqgwxVqm8ULk,1277383120558
C8XzHPYLiy6X8qDhe5cBocLEUEs4hdYDCha9i6Ex75Y3,979381759203
CRcheT7YEMRS6TzFEyxDEC8urw57YL4voiESdV2xkMv2,10018465747564
Cb4krsYnEoGfT7hcDsZrp4wiX2UPauKA5nKwEEu3m6uJ,841700603789
Ck3Aoerh7FmVN9G8FscUscV7t7LyEXtSKMbwmTRFHF5P,511219158970
CreQJ2t94QK5dsxUZGXfPJ8Nx7wA9LHr5chxjSMkbNft,4273642611770
CwMa649C1g1zNxEBQjuyD3rHyTH9cLRVoLVSUAtNUWpa,12098800907017
CyQMjdDttJAY7rGqSz1hoLzrj6yQVtyGcySzYJGWA2fZ,598815822854
D9uhxpc5uYvCTF4LHZUjp3Gt3UsG1V6BtB9h9pk2hjc7,603343420923
DEM2VDtjAmgMRpyw4qBMQM8QWMEr6DFvmoWxvdUkMieL,3970139563618
DRLs1jwiZRhMgr8UPmQ24tfGqfXzxGUWTGFN5VPmwEtL,1838256380669
DSFWxvJjgvLbVqoQ1Zwoe1iVHhwFgrfSiF3ZK1h7nd1K,4401522677826
DWjd65nVaCv16CF2VHdoZmZWGS6XSVq5R3nKeUMnnPRM,700000000000
DoazN4C8ijbPrXnG9ZnLMqgVPpLCHGDDWBEE7JrH5hra,712474047371
DrBjamqiet7iuryCD95dC2gY6yqwfB6B2rvRsTubMJf7,2334348300972
Dtd2cDkh2uKfHpcdJfwuKoFYXRRXs2YAK9P46wxXGceb,2000018727062
E5gxHm2VYxBhSLiQevBucQrGAgk74oRFa5wsiMFDDSMr,2230018076805
EKTPg1SSZgXNskhWCXbD33Ccu7SdGi4pxCTzqW8x3j1a,1051360400842
Eb71c6ABPQGkYkrDrHQzHbfXaKuj91Qr3WEFJhSu5fmk,1043932481415
Egy3Dy35niWx5fCa3bgdGtnei5w7KFAfXWYCyoyuSKdt,921272760327
EiiAnQsfcruxHFkDabAmH4gzqLUZoEVwRuqEFQGP11xw,3898619208370
EvUMWEsN5b2zPJABjfwkMENUYJzbXvyuDGENk72Rs5zy,3957582547095
FFDAamfSQpoKsUKMjzt6rvzLAUQKfnSPFnBZQyZk8HWM,2900029711159
FNidxJ3Hwo2AV1dC12iUFxryvv3ubLREoUPM3rToaMg,5000067357439
FTXpq4CXg6SXkBcqRn3S2brctXAmt3WNusM52RbGBGMf,519781228684
FVQ9tMDxguSAvjN2YNTxbMXgv11CtRzWfX8aYRtquVqT,658773004919
FZaypZv8wh557QZpiwk42VAw6qqe1HuvMZW3No89wK4g,10001221649482
FkFnmrrs1TZGmZsVhar8kn7XvEPqb9qW3KK7D2PJss6d,567613819043
FkaLnX17cXZGyeu3kZGdHCNdFMJJzBrPPYVvd18B3MZp,1533362334178
G1U6FxxH8WpMKUJdg7BJf1jbpvzA4tLiPe9nZ5bbzdHM,650000000000
G5tj6pUqxhQhoLqYpCifyJsZBTkw1zhWQR9UcRxEWsxZ,7710291281934
GJCpaYJN19zV1Hj4fYiMPqWVVJSaap9FnQZZwPspszs5,500000000000
GJvewfRjqTUPtx6WsBSUnaFbdgXwgXnWfpDyLm65T4YA,606406867455
GLV3uy4rugcgd1Ukpfz4koWc18Q2eb2wUCYWCwgKRTax,655400000003
GU9ZpULF3qHNApXsWHPCUrWArG5mrdzZCtQSpwL8AQy4,2522698352790
GV9kvNR1x2KVX3kaacQRrcUjaZTzf67PBZcfVD8JA9Ad,675175713488
Gfgi79vUv9cs1WQu9YQuitgMxc37cymuc38dxChJkrf5,500350250159
GtH8a7vy6NM9RBr8KZhcoyusy5rfqvQVT4sqA2TbtpVA,1275017584640
H1NLEPq7d2UsTazhGzL9wEQmA1VbrJkk6MJirzGArFaG,2735522715886
H34n1FbcNrBRJWLHvFor8JydhX9E5ahinipTuybqAXFb,12259545336123
HDWwMbkMDM93hH17ECPU3dtKGJ3AFHE2aQ3rwZxu3QGp,523464250481
HEo97k3x6yFmmdvxDWNV8L5eQTxgQn2FP9r5QePnwZ5r,1037373419888
HST8927q4YpwqarxyCeVKk5bKnhjdXk2kfw6FHmgbcFY,583680666527
HfJQm2Q8wCHVGfsWxLdH3bpd6RQhabPu2ue26YGQvDAE,1023321860874
HgE7rwRkfxKbtBfuERrQZvtpdhUEfJQnMQ4NMj4LZi8Z,2000018213740
HwwHraTNpr32Sob715erpFhNtyzLvopuQxhnwSPhP8BG,1436285521047
J3miybSbu2YjFALUhKzEZrPFwPG9Jq14sQFd12JypYCN,1296803348675
J5pZQPTunqDU3VH7utCvpqPjz6PnDcR5cHXtQQXmJ8EF,2408007618285
J5rjAvnxJxWf6MDo3dt5K2NXsokNV5U4VwPmLsMnyxKu,851830223478
J8FNbQnRGmgHaPrmUsjJ7sdM7gaJVbcvEfYGCmVs69bE,2595909457890
KANdtnAjqCUtzkpLEPZPc5gc2sQwJpB3bxDFvR5Y1Gz,520639058773
KRGa3msyC2amDzxBuJSVzrT5r4WWzmxXSm1BaMecYdT,587556136580
MfDuWeqSHEqTFVYZ7LoexgAK9dxk7cy4DFJWjWMGVWa,1042141449826
bZdibLtUWiWXRJREYrMaG7AEH8dqr5AgNVddSeY7Hyw,2944022220315
d8cdcrdN9qHX1SfjADddqFHWvmTS3VkCPaNebp3Qffv,537900000000
ikJ2hGbkX648nRLMs2zKbv21gaeLDRKNPPGg9JHUnDc,1111707166892
k1raAr48PaZ63baKoPMLw9fRcyGFusU2CgdgB9C3W1E,1384981464028
tLoQPvd5rdZQgmzaZmGMC1j7xQfPK8FGcaoarqP3yyV,8556027881445
xDb3JW3KABjksRqYKBGdZrcEQH7hd1B6hbNiXyeNzgS,1422802706445
