owner,countedBalance,originalBalance
1KyG18JWecrARoYtxUA1yZhtYbtL3N6z7YGCdsXjmR4,3032060577292,3032060577292
23KArks6tLYmY23cYFm2iRMnvVFr31BUJ7uUYvKcUUTn,858173296598,858173296598
25KRbpJTyTYVxh9fvemEbkNwzyKMDsuh2SpGkEtRZxyi,1703690603048,1703690603048
26mpJ8c5PuAfsneUqUpBRo1piLxLC1ksB67rt7vzdJrp,696812537925,696812537925
28bBojWdqh1C65C2PoueBgeKfbLFG5LSsbLLFAs6ZXF2,1599421544160,1599421544160
2AXcBC8rAP7kUFtWgYwDRj28MakdFtkeRsbGC6ajpSEL,1759878649911,1759878649911
2C3o9zXAji2mhjfn4b9jpNPy3uWiQH6GGUqAxxzzt2Ww,500000764911,500000764911
2EwnACc1Dh5M8bPyzrVdfqfza4PbiqvKV3fSvL9wFs28,8496561726696,8496561726696
2KtPf6xjr9J1sokuczEfDVtUSj7RTgacZY7hfaRzzf3P,3042135423089,3042135423089
2PTRtmabtfudXxKEL5rB2jxanAbwwu9oN5uq3iSC3VDc,790910757320,790910757320
2U2VJTbfM2C6XRUJjEY9BVbQhPtGMimvjj9dXBKVrDQ9,1461789182861,1461789182861
2URqUZwjisaeCEQfJ2qmfCewRWAPQBB6eGhDu66qQdCk,642135023892,642135023892
2WmPPToyyzz71JuUEp8xxsmcCswGrvkaDRKzBG13Au1w,1006180610866,1006180610866
2YfFXPkkbBvEid1vC7A2NoQGdoM6b9wVjz3zmC17fiL2,544170722481,544170722481
2gGMh19CM4SPJds1qUogJn5BGmYAM39NkQN4NFGF4BiB,1728604149861,1728604149861
2sp8wgRrqA5BoNL66q2wvYCatZBwJMixZH3iKumXTNsj,5747682064108,5747682064108
2uYad2a2gYWR3HnPWfMpcQgcA9vgyi7Xw3KFaGJm3eYK,661544693106,661544693106
2wVqErr4bnHPSPxd4e5abC41QEWuc53qLK9KtzNHymoA,735921263663,735921263663
2zWkRKi5Rw15Kjx9SxhMjPY7LQTfQyr9hQKuTCGSy2FE,500582681877,500582681877
33i3AYVuUiiR1KqBKsD7odwfVPrKuLMVZ9kcnzmyicMM,4000000000000,4000000000000
38mXoqUxF5juMBBJQbruA5CxXsVuHZoob5zMr9rcDqjH,541448148333,541448148333
3KoHEp26QVvQCJm7f6qfi8C35cG9a5omA6SVctzPemJp,1274299077127,1274299077127
3KtBmbLL9ZzCobCQ79oG63B11qW7gBEveeS2NfZu39HQ,1200000000000,1200000000000
3M3Yc7ubqoo56Fc7ibyiUaKGPrFHEkeXqFTPBQKdx1M4,1458609696905,1458609696905
3UStqDjRAEnL1S4dyRp2ujiF4GhS2vpxsfjU6ma6xsaJ,912361877540,912361877540
3Vz9hmYubPUgm6pyxLVTWXyQH1DdrTCKKLqCDbr9n2YK,635726956200,635726956200
3YrPFYJ9YWb7TLzk5VyzzxRQNJGSzgKc3qT5oNWx8Kmq,503483006680,503483006680
3Z6RE89sC3aDa46wPhpn7RpNgvpTvHktUvFQJ1PMHDfx,2000679757748,2000679757748
3e3ahk4yTc6guuj1CzyHVLoSbsyiN4w4Xd2gGeGAaWLd,1375979240605,1375979240605
3f8cC2XjrzQWXVZTgK1kfC8DfnteSxpU9KLUqvUcVRiS,751549369869,751549369869
3fCFtJ2263PJiVtgJ7vwXzAf8HgUCgcBxiK4fZpp5vUn,517923586323,517923586323
3fQAnYCuYWS7vDFW1f6s3uwHhTJQji8qyc6EShMK9a1L,1000590954305,1000590954305
3iiEvfGHGuSRBzv5VK3qb7DeCbzQG2SZZCDPDeeVWrAJ,750406785553,750406785553
3inALQuETPPppVBL3fcMqdRSKdQG5UmLxjjQznN7oMg1,2732471916649,2732471916649
3jPUMsJ7oz2o3gxuBUnq5Yb2muwcn8KU8nur7x2vGQ3K,519942566207,519942566207
3nAk7jpVvzaG3aGf4W4JmTNk1Ab96GJVkwBkSP1g8d6Y,2000000003096,2000000003096
3r2gFEJCGiRCWsaLwKu4DNuPhaUGM389twCHKSji4m9c,1018492223095,1018492223095
3rW5WYkuAuGAoQzjmRkF1XxTrwfJRkgyYcD25se23hjD,1120061577478,1120061577478
3zUdUeq7Pe7aPF3bZYzH7cnNMU8pK89GfdRtdj9goot8,868716425343,868716425343
43SSXyFx6gHk3AfB37Yehp73gc87duJDnGdraL1hYCw4,1984775483997,1984775483997
47H4rLfEBxEtx24FrfyKUcscpcn8uRGRkT7sGLULW6J1,10000000000000,10000000000000
49mJkjuexMQDsdCVAgwTKpAxHzivm8TsC2aTiE9EpyEG,1172566012663,1172566012663
4AnPxEVFQ6Go45biLBtUZgdVuE6JWQ6TcELm3dn3AERH,1029891749491,1029891749491
4EWaaVJKniA1XaHS4h2CbLzxwDR43bugiRnN4sbb5JFi,749698135461,749698135461
4HDNUgUEs71xHXEgyr6sVXKG7sRLezAwUduY2caauMyg,1000305659695,1000305659695
4WZr4hYm2BbwW7iGXrgV3hqeR97LicyEPZ1CLEtEvUmi,2013694967677,2013694967677
4Wr2jiEecEJeKtKVF3wX73hZ1epRVkw7sQDd1UF5L91D,1533354099524,1533354099524
4WtSTCSsFq996bVJJKV1MNy3ckh1i2V2zLKevWJZdf3S,740883840054,740883840054
4Y9uZV1szZF2uqS5HvY8x65Phb5dR3qD3Zv7cLz9za6w,2602794692383,2602794692383
4Yrf8H9afXcScgipinptc4jBYxq8WJ7crwfXejFV5a7H,1300706376807,1300706376807
4e1WVp7vWL2JqHDahHgtS921tue2FjGnQsPhzm4638vb,3712325981265,3712325981265
4hC9CKKgdfo3mTRJHqSk6rwv89wc4ZquQKVpmaW5p6g1,12732535067144,22047688900028
4sNZa9onQcpDnUjGGkX27344EyNuFRyCb4DqiTj9gVLV,900019558816,900019558816
4suURWyvBkqbm5kXucJrzaixsyJDwsazpsAGJEgd9Wxo,1660392008565,1660392008565
4uHZzcBYdCLCDg1MF9WGSAAT4WL8RSXvq1m7kkmftJ1e,566188308243,566188308243
4y4LM2Lcy3GRSkHht3ENc2n7QJFm1FkRazADDVBdVHYQ,937545481355,937545481355
4z1CxYoMKnmrXESKSBx35vtfXuQivWqqZxmimwF9k7B6,12732535067144,15015184235606
555NCk2uGgz1PU1cTiVUufTa2RnPftJR5pAht6U6cART,1002832207418,1002832207418
5CjEcbNZn8n7AND6U6zBZ2gedcXyVJHAapCoyPK6EHQq,1000000000000,1000000000000
5EYLwmjMVojqeJVwuTq47ixXs211e5pPwpVhSx4N41z,557480799488,557480799488
5MGvPrQy6ui4vFFdHp81JyVetXdhk5Sh2EvkYGe2Fgi3,6891008419682,6891008419682
5NvQY4Ve1w7MhueKVBkSXyCvtLtmJVhkfqXFn1cg1mEk,3170000000000,3170000000000
5WQqNReXvhqMSkApeJhYiPyGEPUSn6LmKGvM3JiqoUF3,12609047735537,12609047735537
5Yr3VTSruXvybPX329ysC17LrX6b2KYpwbwpfzzyT1yL,865457676084,865457676084
5dx76goRqoFsFQZTZjwgxYBdZyjkMji3f1xrxQJyfieH,2021096623053,2021096623053
5edaKxQeVZB3DRnXTjQs8TEqc3Y8REVLyWoSJFjGSgHR,1750000628562,1750000628562
5fzyDtS8sQbcjrN7pL3SjqdBm3QxceR6pF1NzinH9nUs,569244998487,569244998487
5qvYbR4XGNfRLUfDQNgL8mqB8q13A8JVbg1bDABgpEyJ,5000000000000,5000000000000
5y4zMDGpNkbX7hTFACdrs9PtpjAVLU4jk5PeMVyMWvjB,1500000000000,1500000000000
61FYdjqzHTwBUiyvAShKwNoTXrrR6u37P6sLCwpuCFvL,788339718289,788339718289
6CYZk2tPXq3GN2zpxWMmd26EseJ2WmXifb1oSgJvELZX,916063645753,916063645753
6GmcMs4mYB5MhfWpPcc7hSVdWDgQKf3ST1K4MrEk36my,8095997699858,8095997699858
6WC59CoGkp3xNykpEzQ3PAf6ycvmnLLhRkEZiXSWk36t,1018116482425,1018116482425
6XpoayPqAE99XfCPARDig3CwU6Mg7pMdrTCCbqVidZMV,3000015902186,3000015902186
6bQSN4d6anoTwnE6XDPGLA9RV8cqZPeNJro4iQUsWmso,12732535067144,14265951548067
6ck5SnPG2ZUoeEqXsNcDXQkXPxbkpj6xEKoSH5NUkXRV,932277045838,932277045838
6csJvpAqy4XQTqxpsXD51hUvYCntJktctXbwBFap2FwZ,750000000000,750000000000
6eJMJPwExUoiD7s7pvjg68vhKa4Uvse6CbxfZuhWyeLE,500000000000,500000000000
6hdW1u6hqHQwiavEZUBUN1mMmdmxvFtunwDhvFxUxUxV,2097699784323,2097699784323
6kQMwcihQghNT8nypoTC2N6DJCy8zxbQctHhhu746Jg9,3073616493740,3073616493740
6ma8vMM99YNj7MPAht87913XoG5qricmvaWJCnRxNPxW,11079280294497,11079280294497
6p3TmKmxGeq7xTu5WEjgNJuBVvJMdLPvo2CUsf229cXh,601135107587,601135107587
6pTWhbkyieLd4JCF82ZnQViefpfGbDA4GamJe9hkkNFn,4191779658767,4191779658767
6sefgkHxDzo3RppB64tj9eaQ8YtZutPzSAUUv9K8QGPv,500000000000,500000000000
6wR5QweWetcgWxZ6SYzBRo6XKtV6Y9t6oEouWSBqBZny,2802679524046,2802679524046
75HiLubKc7w9vaFtL3w5wA343rnVTd1k2fnS6shnYQ5u,903805092424,903805092424
75cFCuZQ947eBrmQbCk2qUGixBPHT76Ma7yABJt3kwBm,2191090747744,2191090747744
77vqkuJbCXQQgSFdFhU1eRbfyWSMYNBbAKhGAvk7oy6t,1946389295330,1946389295330
7Em2UHpXAfu19JjGjQ3YamSadrjmN4EG4gA6oeGbZJZz,3000000000000,3000000000000
7M8AbGDQDA9G9pYjGBw7SM39Pasky64ezTsRXSLbWgAx,1810394165769,1810394165769
7Mu3hdh3xaRFMhnhSTKpN8EmqvSamWcnNnvGsFizKhCg,1743270630104,1743270630104
7R4keryehxuhSktQTEH7zB1u2U6TLKdS8EP9D7uKQxfb,629060747690,629060747690
7RiVTKSGAoL1Jdj5mpcKW7e3zs6nAZGm3VuXRuUyDruS,2375000000000,2375000000000
7WXMbnR1Zk2pS8eKh7MbrqMZ119q1QGPCET3h7irS4jA,2757254885331,2757254885331
7Wm1AM8dgNDqmdaxiyRm3sigZP1b4ysu9WjXUevWYea4,1014071021397,1014071021397
7YbvWcW61NAguTg3HJ6JG5MNZrUn8FR1yDK2ENQ2X4v2,1061788964829,1061788964829
7YfHtiFYiA8gDbUBt6Qj6wks4kJeuATfAqpHsaQM338K,1262294849002,1262294849002
7ZJauBLvTZEwHFBwuhRG8THCAANrWWJidC5B9zZz1Yys,676112279940,676112279940
7bTCvR2NMZiSZgF1x3AoT8JGRFzLwpQfWRs6u6c9hmW,1897312526886,1897312526886
7ngMAbMZD24jXuJmYVhUjM8rLBuAeT9oM6pd8VafqY5a,2514504668837,2514504668837
7ns85Rd2vP4nwRgF75YVifYkvRjnVvoLTuFfgJe96JYU,759894576148,759894576148
7zwzhxAdKuM8tb488PZCg1bh5SCxMqZR3s43pFV4eCzw,953221112395,953221112395
812re1CVEYcPvUAfyYLawTTiD4fUk8y64k6rGu7A6WoX,2923303261716,2923303261716
826gro5bKgGCGsGoy2dNQymvQqogt1gHziCGm7WyFtbC,728148803243,728148803243
83dxFFM1KNR7sL8z5vQEvCF9W3tsMSRSRftRLMZYT9dw,1500000004863,1500000004863
85T2QcNQvDSizAgZy4C8zKsrFg6EXpXmaAEEgCubACAk,730234082689,730234082689
8EW6VPM3hq7E1airKXmAzpYggLtBd3xACu1SUopEXfPi,703055825615,703055825615
8FBLDjQCCnnnqg8iqHHR6voZUFiRCNA6tFjzCfyH1CNC,10114100415045,10114100415045
8GcJogATJuGwyuUqhA3bqVR2aAyQWyEkJCNd8uWE2inQ,513093096112,513093096112
8Gj2EireCc6ULLeP6gqzXMKydcfc8YBpXZvJ36oxnPpP,1003755743116,1003755743116
8H1SavUp5YdbLHrHgPL84E9njRCAScuT1Yv2KNg6WAZ2,2197233415632,2197233415632
8HHc6jbdbe4dbH5d9gUjbCkiy5pmva6pQpVTFPgigiuC,570226350356,570226350356
8KUtGzsXG9uNxFHG1WVQuctbWbDq91368pTq3ea5KHbE,1201340337928,1201340337928
8N8QU7iCWeGjnBSBZbF6BySdMxTFxm7JGLdCWrJ1fxMb,4261476782702,4261476782702
8Q94vQoCDT9eVsJ3bSxLXUpPQ9u7m4eBcEvf7vABqATb,2133335490513,2133335490513
8XU8XmNjaVsaTc2N6jNxm3A7PAHdNnhTXF1unqT5YJnT,572282110937,572282110937
8YjYm9AdsnsWD7Zv1eNbQ656naLS7CTgSp9ELgiCUMbt,607045555533,607045555533
8aeC1xki5E8MtF344YjU5gPGLftxx747Tg61Q3zae7Fp,855138364775,855138364775
8ia4P9k56ELLquxehYZy33ptMQ8hDTdxCcn3pYhk2ihf,1822682563489,1822682563489
8ikKvxCeeN8gzbNRxQ221SC53HNAcvZxwBpihHjSYSR2,1083474845470,1083474845470
8jotNSgDRP5Ar1neLGquQ2pAS76NQ3KTCBbtH3oioYLJ,3789237483649,3789237483649
8qk9kQQGnMYmN5jcTYBik2nrKCiFMj2qkDykYMgAogrq,585747672552,585747672552
8rThinZbQV8aLMxt7DNnBMmdtrHaFQrR1qgc2CMZ5pLo,1025503348991,1025503348991
8s9j5qUtuE9PGA5s7QeAXEh5oc2UGr71pmJXgyiZMHkt,2906549403331,2906549403331
8sABwiH65kjcZ3tKXuNLmCsN1gf8fCZKDgKvAq49rLjD,506751536354,506751536354
8sf3LnCbPeYZ3QRLL3LszomLCr6cHE3g1U92XgLrLDH4,515422391756,515422391756
8t7zWCDk3fJMk2WN6w1GuyGpTtJuGuXPkQPLLUmGc8sD,1718343697715,1718343697715
92eY1io9d3P9tHPeCrApdRNA2yUGJ4zrZG1nxqFUQ4sG,500436653057,500436653057
979h3UhXoixngDzY7m6D1fFATeDCKmE15TrSZLmDoct1,645556461138,645556461138
97bZmQXg9qPbukjGtYbWcH9kmdpS4ggF1K1Zc6WyTQPn,2177657145968,2177657145968
9EwkmJYZF8wVJ5CoaYE3nyVRhYCosRMcMPyaPWyAXXxy,700414014078,700414014078
9KMcfLRoTt6Xxuuo38GWsAS6mrVFGJ5Kr5bficUh1eHB,671350358150,671350358150
9Kko6mWAN8gxpyAYYkUeXAEaPd6QvdWzuvidU8nNY1fJ,2413894392005,2413894392005
9MAeiqmLmAfP1C8TMJ7gYpvNBKGQ3pCjmUoBMyPrVXub,747280146237,747280146237
9QCeFTinSUUqWFzKaPWEtVky8vZ1qSvh4UTGZYSzw16Y,4905556524679,4905556524679
9TxGXQdTehE1y9Gtr4uf6Kd4Bw27zFX7fhNyDr8h8iuB,1250000000000,1250000000000
9aEBddTQK6JDdB7VktNGSTmESwjRZZiK7PrCawuxiDoy,1433825622214,1433825622214
9aoh8bVVBoqpC8FYBJaggaSWK8QYopJSddjTTdufzvK2,1126215526430,1126215526430
9bV43EANh3zgzvJa3BKmQ2XTTNfNRB2YtihPBRBCNviY,2783822143881,2783822143881
9cgQ4XiUGYg7W3NTgBHJ7Uq1H9kbhT2k34coi2Cy9YtV,1002012038049,1002012038049
9feRiedSbXhV54GmninTFg2XbDpHRLNTViLQAMz7kSjZ,1391764387987,1391764387987
9jZ36Y3JvQS7cpJHwfEfHAoAu4cComPbUj1fjNmoid8U,1300459830324,1300459830324
9oZUtKEuabX6meWDaBnYocKXF3PhqEFeSWq4jNFobsqX,1948220318229,1948220318229
9oz6uCtgBzm543G4L1yzz6uGGa2TX1ApRoDdPftYHwUp,1798444024330,1798444024330
9qLHdDCzDxF93wzBS85wM3HVnu6u9eUhg7TL75AJKwvi,5723583060158,5723583060158
9tJNYxgEGjVQpXckYaErFfG1Z8GjQQRf8EWaeSKKD7RX,1449410321989,1449410321989
9uEJ8iYrNRnQ5H1dnYN1stX1Y7L8cNqGB24PtGw3MepG,500000744028,500000744028
A3LNDYDzfL48bvnejRXprMB7bDEZScyphk9PBqpG5KHb,12732535067144,13928359612578
AJ3RB9w4EGoALk8aZW9GYrHvdqxrVNLniXPPtqY5wKy,2007341417263,2007341417263
AJBKZWJsnaTx2pNi54iRng4LCbPzwX7DwkqcUaobZDf5,698259635507,698259635507
AUcifH1ThtwdCSLxZhghDGboTHc4E4nhWhF1GPcRH8uF,1030061515025,1030061515025
AbPQqRQyhhhrUzKk1hnJPQr6qRNqiwUkua8RBWhsbKAT,10230224562116,10230224562116
AcfFdrFT7qq4giffjBnDv4YxsVAZYm2gESwC5PgrbZWj,1002313817310,1002313817310
AdSJNaoGq6FpbKasuwhZJRhrwQJuPHax52MTt9ZEbCz8,501943873210,501943873210
AhSMPgKMdciHDqLLBtk7fknBY8venQ1mHB6Zgkm53Hs4,500261400476,500261400476
AncKuKBHe1Zkh6xtkyZ6MsNWCwtbSDCnziRnML9CaBYz,515493621913,515493621913
AqanKvFFMy5kJ7hdNw4r3CTFR62xBei4YxDnw1AqokRr,9079388605221,9079388605221
Arb6wa8kbDrP43odKba5twTuPuEKJwfXKrkWJxLnXeyP,1025000000000,1025000000000
AwwmDHtzPutWYL7L3DwZ6kbopntjk72iry6SFb42yAqo,5000280724954,5000280724954
Ax9SjCZ6RiKTTR1Pqk3DJSz3FpvDFv9GEToTk6Sjii9B,1026090270988,1026090270988
AxiX9h6Hgr5uQLckvGaSaxHusYVX3fTPGerQXLGMJq4W,1251757098719,1251757098719
Ay8geMBbH4r85rcR4oUYfu1NzdTFATeL2ABMQVbGyFKq,1663477992418,1663477992418
B3mTCCA5mkcM2TM4qXh6fWUez2uj54oHZnV8UyQE4Ldv,1447763393206,1447763393206
BBU5kZDbSA8yythQ6umyTXkXwhd5fbEvZVxkZaRQnu3e,899638241072,899638241072
BBmKWdg2xSWVpbRbDoJqcQ9ntQfPBmaR2zBmoYbqWMdE,588729480655,588729480655
BCbrp5eskkM7mHs8dKNoEJvpjrxcrgDdWozJonMF4HdH,837032694142,837032694142
BREcWM8swaK14ZUfYVrJzJ4mdtde6ZmQ6xMn8sA5XrsT,2054835367798,2054835367798
BS1oRQQvdpqLA1yAnqh8QA2giLqvEHDPPAziYt8qAcQa,509014765678,509014765678
BYxDTgEjExa5kh7GNq6J9iYYUyVoevwNWgtXPnZeCqF9,513860484492,513860484492
BeJAAdujjWHXDiEWmPmyWYFGq3yQmq6RYvwp1Hds6izi,1014075747742,1014075747742
BgBmttsmMJ77LPMresWREKUeeVBbRYAQdz8aWjfifS88,949411928562,949411928562
BkbxsbXRCSp6A5zBHNXMAc5j3FicfHzDaNgTvPS7QyHm,739427252211,739427252211
BmpcqzacVQfKegu4HdkKUfVRTPooXqfAgspBgStp2yYA,833893264780,833893264780
C5pAf1YhdGQ2FvqZvrCPMvADjZBbibJTEmYNbBKA6F51,635947983286,635947983286
C98SKRwkCxeYkEi2tbGkpChYSiPvGtj5iT8ajDh1BxSj,2733334000000,2733334000000
CC3SHyKKeuM1KUhbsq6hvqdhEcokqvsjSkwpPM4T1LT6,2000141036858,2000141036858
CGXEMoq7yTqiobSKJVS3WXpywC9qocwNh6Rj8cy75zkm,1077784626259,1077784626259
CJCgqbnd3FrmGa9wj7T5VACFAbPnjGBGXGFqjkJtMMwW,907964761023,907964761023
CPbKbmmM38NV2nKAtEQsPttFkbtJ2DGux2Dr4bRSFFqu,1370757512831,1370757512831
CQonTKn2R8AxuWdmAQ665BQGKdAHKYRxCk6Pk6oJj39f,2919118064061,2919118064061
CRsHntQirTYe9zwZYYMJpt6Wm6TaZyncUYF4TgW39zcf,1718048420266,1718048420266
CWtZ61fEzvHLhH4nXZcP81ZRgxnUBEjYmD67CQMwsZM7,778893267376,778893267376
Ch3HuHHKiNWa3dGtJWpYiDKp3e9hw8uRPFThUMmo7eu2,676237561153,676237561153
CnBms5gBv3HucyAf1Z6GdMCjQQVpr3amCUieFC4uZR3w,580034440163,580034440163
Cp1SgFjxCNXWwtwXM5QTwg3eJATDDfrvHx9Px2MGEjdn,653862758794,653862758794
Cq9tNoQTpCyyZa6nX63Lpo7ZWbQy6C9S7Un4n39a9XD2,1000000616990,1000000616990
Cs7EdraD8aoL1LEZMxvNrGGeT4u5W5r6NcSut7B9r2R8,1144100665708,1144100665708
Ct6Es1cLkzRniApmnv96gYroVa2Di6WWST3idrsWdNgV,2311600754304,2311600754304
Cw3DC7NMLp6whVkH8dSuEpMTgvrh53Rcs9VMTs9vGQK3,731656210345,731656210345
CxgPWvH2GoEDENELne2XKAR2z2Fr4shG2uaeyqZceGve,974882101378,974882101378
D1J1GA6yAHfXZRonG5uDGkEun49etczseBq6jdE7ywLN,7513994203447,7513994203447
D761VHcaBm1oFNwnd48E1ji59kxs9rk4n2P17wXgo8hb,1680452050723,1680452050723
D8uQPuax5YAG6B1bEGFcRq4ixuWrHeSmX6gh7izHJMsD,1166542975368,1166542975368
DGXUp9SHxWhFzy75rzVrG8AoxmMkackSEBpcHWSMqV5k,4596482057756,4596482057756
DHTvRLSGUEnJKm19UmkMz4GUc9DsatCHv22eMPzTXhnc,2006041512829,2006041512829
DPiQs7yP5WnBxN7RwttMKkrndmeTzeVZ69sxeAswxm8r,1279496463808,1279496463808
DRomNrLVN581TiMhXNu7x1XNxMxMCzzg8X1xtcguvwks,544075199493,544075199493
DZ6KKQXLfPTrBs4Cckhc9K1yftGffNVE3WRnJUttGLAG,641828324386,641828324386
DaVczxtj5vydHxuFdx3hBV3BgnP6m3jjgEs1oE4oS5kL,4394347458150,4394347458150
DdxSaJkk32sn1H73Pg4uTG79bmqnrGXm6GcXN4XuGmKT,1287648804347,1287648804347
Df8mQWMDsPT7R7rsLRLpvDhQ3DGWteFLafFpbkfHJwGX,1001250707508,1001250707508
DjCcK4MuPjkmGrLyXifZZaWhX2rKB7ZLhrZJ8Ky7bahA,1000529140590,1000529140590
DjK6ADK2pc8VCbTWuFuPzDBctDTy7aJbz4zBLkFVjJFY,1565986579513,1565986579513
DnLQhF9Bkr4ahfnEzGecicYEMNt51gQCMuj88XXBWqRy,525890980281,525890980281
DncvkH9cbV9VojEbszkYH8c9jE9VjqZk4wiciokSnUot,918933016278,918933016278
DndcTAdjxDVqB6RXZ2JGP18fd2tiUZUvSJ1orPzY5MdL,1257686848358,1257686848358
DoyNPhjraPTQc2stg58qA3n7hRCHLCchSXZir7okvdGJ,12732535067144,13670591938716
Dq5buf2y4PyxxeR6VpsstGTyRuQCqLsQDYTtNn6e7hc1,10036363594134,10036363594134
DrPcUZoZA8u2k8L29uKuDBi25Km7gjrZkPKCt78w9gy7,1435946110786,1435946110786
DypkhgKTfe7AByEzhi2JX3ACFBWecYMMfQN9uXt3ynQR,689591613031,689591613031
EBsi3kVgtw1CYxMjsH57i1DXkfT5kUPzJwkoo78HbLLj,552232771044,552232771044
EDG1kpToB7rtbK3qTLT794ox3gE53fCK5cTWqgfkE7t8,1782216721192,1782216721192
EEE9SQD7HVgDiZxn8D5a6UGc9sPybL5meLzR5MVMSdRG,588843996255,588843996255
ET9sidMLe4bXkcY2uJr5Q87nJDxbU6vKTZXy96FY4uyt,1500000202963,1500000202963
EXwJACp3QanUgJFjJV55nozZjd1GXKNDgbBWJXFUGicZ,3115971915667,3115971915667
EbLmKW7FaRhP4zhtNqr1hyz34wFSM7R33pJAaY7rM2n2,902993019325,902993019325
EbVZBnnfHSwCFitqn55eeA2N68tgGQGmYCFGHKeUtV8z,1919936443190,1919936443190
EghzsGsqDfRaUr5fksDBSb9SPb5iZ4vYKK9icsnt3C6h,944548691981,944548691981
EnaU6rRLPndXpakTXjVDfCgq9gDApvfZ68CnM4u5d9tM,534182116646,534182116646
EpAev6tJzkhmTTYt33zKmSvaKRBqUMHfGseTLBXjiY7p,869705473969,869705473969
Eqos42SmdAH2YgAjtoGvH6L5S597uULDio9d7NPU2d3a,500000000000,500000000000
Es88zggDMWwAXCQyCRngiLjkZxn4HLkBJA8vh6u6J8iY,2701483897842,2701483897842
Ev1AaPu4c6L1QEXZiLv9DkNBa3ZigddiXYFTk9tN2DoK,5398641347981,5398641347981
EvGpkcSBfhp5K9SNP48wVtfNXdKYRBiK3kvMkB66kU3Q,683805489823,683805489823
Ew9VcVLUNEy5SUFSPkitvC6exGLc69Hd6or416VcZQbm,1692681332241,1692681332241
Ez4QJuVjRbmmSXAU5knm9x4sqfLerenstBpNFbhUBXTV,701821654763,701821654763
F4wCh5fU3qF62e8kY51QL9RAzyyR2Cg6NwSP8KpQFWtU,559597568770,559597568770
F5nfdSVTT5ides5NCFSb1Gk7fBxp9J9HWR3NQ5og8T5S,500029831086,500029831086
F8xJC5YAzx9Qa3ckSi84EvKkEKsa1bTphUs3L7piDZQF,1139363176383,1139363176383
FA4PMyR7tHHPyX3kDLotEQjDkp5RBv1hXXQWCT4T8q8Q,12732535067144,14115423813071
FA6FqUAR7JSwzUh5j2ZJU52yiBFcyeVTpTBATBjuD2GD,1461313824145,1461313824145
FJVGkK58Gtdpi9ZYsdXvNBXBDibdUkySc2vMPwWVEi7z,1245121815502,1245121815502
FKwZyspNpxecNLWwXACNcRT5VBHS5MrrWTx2RgfUEaQU,2601438268095,2601438268095
FN33y1yGknMEn7vdTCJGp6frWZjAdn1FT8d8ok3uJFui,801908689846,801908689846
FRNvnaZVxYSH2fsv3rEkjAyHmUguDikwKoHDB2tjnEma,2232395815600,2232395815600
FSjAYJBWW5JfMEbQaaDAy6CPxe2LY5g3c2uzQoKPt5V2,1550823066210,1550823066210
FTXFebkrhfAADmwjacQgMrEFPZx2qzvRZMEZyaGEWpLM,623549865579,623549865579
FVaAJuQs2YzVnvG2gKAmHrwGgfQ9dtAeHfM9dHRBA4KR,5830287856971,5830287856971
FXvPKa33hFZS6e7pEqskR9M2ACVTXgdhVdTE1PiEZm67,700026755412,700026755412
FYTHGSDyuGqQF9zZ2yjiufEt7NCU9Qga9FuusmuBAobR,2101430766187,2101430766187
Fj96fYDJcnFycATraDwBRNhh58PEdeieedeuLTUaicbT,2060955733353,2060955733353
FkcGS75NvtyRvxvqhyfSfXDkbsqiUeUp1uvJc35Zcbhg,593451534262,593451534262
Fkhfw31vzZqU7TLpnN5F75Xc1CSKnPsPF5wvg6vjABZa,784905617252,784905617252
FkrnQmh9UjhaJ5j3FafC7fX4zfZ7TbB19z6awgBp694x,899820004335,899820004335
FoeF6ywNgnT95qcCmvz8NBtZLow9Zs1sPKEfzF1BpTNh,670000000000,670000000000
FqAEUwZDb2nfAJKHYBguJs7UQEpbLM7RHyaENrtXQH5A,624567459057,624567459057
Fx1PCsTofE3ZfKZSqwkRmYXb61HXGBX6x4HgX3QwcQ2e,806770103809,806770103809
G23RB28wwx86rwZsTjdGesfbz8tPgwgwQF67k6UPXsjD,5001000000000,5001000000000
G7SCyYpCHBB3NVSjsX1QHGvLbyqpZWNfCFeWKHMWDavS,1012682175715,1012682175715
GEZgoycH2nse8jR8ibVs5345b9wFYvEnr69RszSkLXtQ,4001322543466,4001322543466
GH5f4hYyNb5yXfwiKHWJgi4ibeXzZZEFvDQ7WRGA4nmj,7500000002213,7500000002213
GLHVfimEjhZFEcg3LTiAAJSX63Hs9vmgPaoFStKfrTdd,623240934203,623240934203
GRDN5TZmbDqwp743hEG3vdmUram6VTxPFcCMZMcBa4cT,1935157529124,1935157529124
GXxWxq1YbjfNHYGZyvEyx4thDVfV4AG4CtDwhjyGuWqD,1269347677688,1269347677688
GbwteLchFbLVEbS7UzUvavQHavNtJxxiePKEcuGgaitS,623688374004,623688374004
GeVZJLUMi45Gru7NKjHQwqsYA7dGrtb4XZBWME3EHvu3,2000000628563,2000000628563
GnjUARqXzrCecVG6fwZ3bc322TZN435tR8Erjz4oKDM7,3732822360428,3732822360428
GovoTrxgDiFnFxJwfyhWLn4Bf9tZMrZfCkncYYetrKCv,3002312245897,3002312245897
GpZjTsejZEUCS3Wdy73qSapfj3JfZsaYPgkvwdVS4iPb,638752082682,638752082682
Gr5j1eW5VhkzcMy7ZwxsdaY7sFMsjgHcUKVvbESx7NKK,748360378168,748360378168
H321puLkRmVxB8HawQJtbsPr8fRTE6NErs4st23TcMMH,531571941558,531571941558
H6y2sV8h97ojPBh9WB3nvZuQBeLAM1GMoPozsXfYtwZE,2158319590574,2158319590574
H7n1Vy7geks1NwLJuMPgnkqXV7jVNqrtZWe8SBjFKLJe,2534818963138,2534818963138
HJALhXQhsBc1WidLMMbai9T6e6EqMCQBZRWCVtCq86C5,1628409695056,1628409695056
HLigeqdZoHcpCHixYGLHesm6PC6xU8RVDahjTYcj72ob,793896859127,793896859127
HTzFcW3pdcj81GhcHmuwTzrWrP6XvKciPRSoMih4Svh7,4000000000000,4000000000000
HUngge7SdtFbdJBMYijxEmbjaNWUY3R68hE1g8AtgtmJ,2992270651642,2992270651642
HV7oXC2madZuLPeU6hagsDQgH4UKBdmA9SAjGH8rUPpF,910696582259,910696582259
HaGSV5HLArqgxZEPwXc4QF7v3zguMgCbKunCXS4bfNAX,3000000000000,3000000000000
HbowFk3bd8edSU56vX3aphkT96erYxVqKrBzhznLTtGw,1390402037593,1390402037593
HhdEgxj2a3xxCLr7F5vggNEfiPdrkYJSXvo6ZP9X5Ck6,508933199908,508933199908
HjJQ9NMT8YeDBSdQ82xQyYjQcYcUEKor2KEApGBDsMGg,800000894238,800000894238
HrmZGuvXK87gatT8n2avUVTm2rSuBn5FNYbzDfcMdz6r,926485976267,926485976267
Hum8mi3R9qMrgpsQQaeahG9HLVD5Ugk75iLy6ek84RJ7,2099378406947,2099378406947
J2SnS2oy5ZRZG2srBGr7Vs9nVxJsWenH7HR5rsyZNSVa,8712011280126,8712011280126
J2oPXYW7MCRnH44FbfEQ4dvLowxjuimveAir2LPVFkkj,1078493809438,1078493809438
J4R8nEDGjau8pHHT8DetDJNxE5ByQfMpHLaaQCh3fAee,756635059114,756635059114
J52TPEmtsYpE53o3LGTFTpX1uNniCN9D2512LXRNQ6Sf,721641956297,721641956297
J5SBrWyKeqNNXFGWSW4um1gZFMDxXpDaX6oAZh1F2T1o,3122463570300,3122463570300
J6cNwo15gu5uTPWVfR1Jz3YPMe6VAGyZA2XDicNBudtF,845528766488,845528766488
J9TYAsWWidbrcZybmLSfrLzryANf4CgJBLdvwdGuC8MB,767872023406,767872023406
JC6RNWAYcgQWmw2eWz7kEVCRHWm17chmWhhqirQ25WaB,4769484166984,4769484166984
Nm9PVudMkJhqu53mjsdAn98kw3jKH3XePkF7MaNJQ37,940032384811,940032384811
NpF7EXreu4c3M4Zmdm87ED9pLyKyiC8xG8Je1UULnkM,10118339352676,10118339352676
RWpZ8Do8Cws9P631bzhjSFnM8RyTCVV9ibCEuCWJ7Fc,2266968446279,2266968446279
U2eqL9uqpBqMB8hdWpFmdtDZkHdhE7fmVx1RfnFqmn4,915451964081,915451964081
U5PhnhckY1BB2hYoqTsbRf4MpUrnozVPemX3TAjDqaE,12732535067144,14456951533533
XzRRpLhVJStg5u1yBCcgSafwFdZnrteH7GXYzXxZCFE,12732535067144,22096716516949
aJQ8DGKwykSxfh7uctN6fr6gqREEBu2o8xj5vhVpzdZ,500000000000,500000000000
eveKyPvjNRWzFd6K91MSFoEPD7ZQS6d3paLARpevgUr,717619133222,717619133222
isasWCkRe1L4to9WM5orL8FRLqssjT2qjjqM3ijquk9,764498411588,764498411588
kkMkb41UEnF1gio6S98Brcpmnc6KXA3u5iqn3hB7Ye1,1139544255840,1139544255840
